Date,Headline
2016-10-01,Donald Trump Opens New Line of Attack on Hillary Clinton: Her Marriage
2016-10-01,Hillary Clinton and Democrats Raised $154 Million in September
2016-10-01,New Hillary Clinton Ads Look to Expand Lead With Hispanic Voters
2016-10-01,How Could Anyone Vote for Trump?
2016-10-01,Donald Trump Is Seen as Helping Push Asian-Americans Into Democratic Arms
2016-10-01,Donald Trump’s Pathetic Fraternity
2016-10-01,On the Trail: Week of Sept. 25
2016-10-01,Trump and the Intellectuals
2016-10-01,The Monster Sorority of Women Voters
2016-10-02,‘S.N.L.’ Begins a New Season With Alec Baldwin as Donald Trump
2016-10-02,"Donald Trump, Hillary Clinton, Hoboken: Your Weekend Briefing"
2016-10-03,Trump’s Fellow Travelers
2016-10-03,"How Hillary Clinton Grappled With Bill Clinton’s Infidelity, and His Accusers"
2016-10-03,Tim Kaine and Mike Pence Prepare for Vice-Presidential Proxy Fight
2016-10-03,Ailing Obama Health Care Act May Have to Change to Survive
2016-10-03,"Donald Trump, Aleppo, FARC: Your Monday Evening Briefing"
2016-10-03,"Donald Trump, FARC, Ryder Cup: Your Monday Briefing"
2016-10-03,Civil Conversation Challenge for Teenagers | Issue 1: Immigration
2016-10-03,"In Upstate Congressional Race, a ‘Classic Boxers’ Match’ That Is Virtually Tied"
2016-10-03,Mitch McConnell and Paul Ryan Are of Two Minds About Divided Government
2016-10-03,Florida’s Changing Latino Population Veers From G.O.P.
2016-10-04,"Better Polling for Clinton, but Trump Is Keeping Core Support"
2016-10-04,A Look at Clinton’s Marriage Woes Raises a Question: Really?
2016-10-04,"The Trump Dialogues, From a Parody Universe"
2016-10-04,Hillary Clinton’s Lonesome White Male Supporters
2016-10-04,Third-Party Voters Know What They Want
2016-10-04,"With Tim Kaine and Mike Pence, Faith Is Back in the Mix"
2016-10-04,Trump as ‘Role Model’? Kelly Ayotte Says She Misspoke
2016-10-04,"Julian Assange, WikiLeaks Founder, Promises Raft of Revelations"
2016-10-04,Senator Kaine and Gov. Pence: Face-Off in Farmville!
2016-10-04,"Speak Up, Mr. Vice Presidential Candidate. We Can Barely Hear You."
2016-10-05,"In Visceral Ads for Hillary Clinton, Donald Trump Does All the Talking"
2016-10-05,Donald Trump as Role Model? G.O.P. Senator ‘Absolutely’ Has Second Thoughts
2016-10-05,A Trumpism of the Left
2016-10-05,"Hashtags, Polls and Putin: Aftermath of the Vice-Presidential Debate"
2016-10-05,The Editorialists Have Spoken; Will Voters Listen?
2016-10-05,Fact Checks of the Vice-Presidential Debate
2016-10-05,Donald Trump’s Slip in Polls Has G.O.P. Worried About Congress
2016-10-05,"When You Hear the Margin of Error Is Plus or Minus 3 Percent, Think 7 Instead"
2016-10-05,Questions for: ‘Tim Kaine and Mike Pence Clash Sharply Over Their Running Mates’
2016-10-05,Mike Pence’s Fantasy Running Mate
2016-10-06,Pro-Trump Group to Release Ads as Part of Major Swing State Effort
2016-10-06,Want to Know the Crucial Areas for Clinton? Follow Michelle Obama
2016-10-06,Mike Pence Disavows Donald Trump’s Earlier Proposal Barring Muslims
2016-10-06,Donald Trump Takes Advantage of a Republican Party Pitted Against Itself
2016-10-06,"Civil Conversation Challenge for Teenagers | Issue 4: Race, Gender and Identity"
2016-10-06,New York Today: A City of Superheroes
2016-10-06,‘Doomocracy’ Puts the Politics of Fear on Display in Brooklyn
2016-10-06,"At Frieze London, Throwing Light on Tense Times"
2016-10-07,"Balance, Trump and Lies"
2016-10-07,"How This Jobs Report Can Help Clinton, and Trump"
2016-10-07,How Many Times Have Both Parties Nominated New Yorkers for President?
2016-10-07,Letterman Has No Love for ‘Damaged’ Trump
2016-10-07,Donald Trump Apology Caps Day of Outrage Over Lewd Tape
2016-10-07,Donald Trump Adjusts His Complaints About Debate Microphone
2016-10-07,When Trump vs. Clinton Becomes a Family Affair
2016-10-07,U.S. Says Russia Directed Hacks to Influence Elections
2016-10-07,Democrats Push to Extend Voter Registration in Storm-Damaged Florida
2016-10-07,"Hurricane Matthew, Donald Trump, Nobel Prize: Your Friday Evening Briefing"
2016-10-08,"To Redefine Homestretch, Hillary Clinton Cues the Children"
2016-10-08,John McCain Withdraws Support for Donald Trump After Disclosure of Recording
2016-10-08,Hillary Clinton’s Poisoned Prize
2016-10-08,The Sleaziness of Donald Trump
2016-10-08,Lewd Donald Trump Tape Is a Breaking Point for Many in the G.O.P.
2016-10-08,Political Futures
2016-10-08,Newly Released Hillary Clinton Emails Offer Glimpse at Husband’s Advice
2016-10-08,How Donald Trump Could Send Republicans Crashing Down
2016-10-08,Leaked Speech Excerpts Show a Hillary Clinton at Ease With Wall Street
2016-10-08,Donald Goes to the Dogs
2016-10-09,Trump and Clinton’s Second Debate: Analysis
2016-10-09,"Inside Trump Tower, an Increasingly Upset and Alone Donald Trump"
2016-10-09,Presidential Debate: Here’s What You Missed
2016-10-09,Donald Trump’s Loyalists Aren’t Fleeing the Latest Storm
2016-10-09,"Women React With Fury to Donald Trump’s Remarks, but Some Offer Support"
2016-10-09,Hating Hillary Clinton: Female Comics Skewer the Sexism of the Likability Trap
2016-10-09,"Donald Trump the Showman, Now Caught in the Klieg Lights"
2016-10-09,"Donald Trump, Florida, Nobel Prize: Your Weekend Briefing"
2016-10-10,"Donald Trump Probably Stanched His Losses, but Didn’t Seem to Gain"
2016-10-10,"Donald Trump Talks at Debate, but Many Women Hear Only a 2005 Tape"
2016-10-10,Was That a Debate? Or Were the Candidates Just Trying to Go Viral?
2016-10-10,A Partisan Crowd Watches the Debate at the New Trump Hotel
2016-10-10,Ratings for Second Debate Dive 20 Percent
2016-10-10,Fact Checks of the Second Presidential Debate
2016-10-10,"From ‘Locker Room Talk’ to ‘Muslims Report Stuff,’ the Internet Strikes Back"
2016-10-10,The Presidential Debate in Song: Who’s Gonna Work It Out?
2016-10-10,Watch the Debate With Our Columnists
2016-10-10,"Ken Bone Is Closer to Deciding, After Debate"
2016-10-11,"Glenn Beck Says Opposing Trump Is ‘Moral, Ethical’ Even if It Means Clinton Wins"
2016-10-11,Trump’s Threat to Jail Clinton Also Targets Democracy’s Institutions
2016-10-11,Donald Trump Faltering? Die-Hard Fans Refuse to Buy It
2016-10-11,"Obama, in North Carolina, Lashes Trump as He Urges Blacks to Back Clinton"
2016-10-11,"In Debate on Syria, It’s Trump vs. Pence, and Clinton vs. Obama"
2016-10-11,"Threat to Jail Clinton Smacks of ‘Tin-Pot Dictators,’ Experts Say"
2016-10-11,"For China’s Leaders, U.S. Election Scandals Make the Case for One-Party Rule"
2016-10-11,Early Voting Could Point to Hillary Clinton Victory Well Before Nov. 8
2016-10-11,‘I’m the Last Thing Standing Between You and the Apocalypse’
2016-10-11,"Was it a Depressing Week in Politics for Women, or a Great One?"
2016-10-12,Can the U.S. Win This Election?
2016-10-12,Answering the Call of the Election Season
2016-10-12,John Podesta Says Russian Spies Hacked His Emails to Sway Election
2016-10-12,Russell Moore Can’t Support Either Candidate
2016-10-12,"In City Built by Immigrants, Immigration Is the Defining Political Issue"
2016-10-12,Donald Trump’s Weird World
2016-10-12,Obama Considers ‘Proportional’ Response to Russian Hacking in U.S. Election
2016-10-12,Some in G.O.P. Who Deserted Donald Trump Over Lewd Tape Are Returning
2016-10-12,Nine Ways to Teach Election 2016 in the E.L.L. Classroom
2016-10-12,Group’s Tactic on Hillary Clinton: Sue Her Again and Again
2016-10-13,"Donald Trump, Slipping in Polls, Warns of ‘Stolen Election’"
2016-10-13,"As Donald Trump Stumbles, Hillary Clinton Watches Her Step"
2016-10-13,Donald Trump Finds Improbable Ally in WikiLeaks
2016-10-13,"Voice Shaking, Michelle Obama Calls Trump Comments on Women ‘Intolerable’"
2016-10-13,Trump Versus Twitter
2016-10-13,The Obscure Lawyer Who Became Donald Trump’s TV Attack Dog
2016-10-13,How Red States Turn Blue (and Vice Versa)
2016-10-13,"And Now, the Good News Is …"
2016-10-13,A Politics Nerd and Amateur Astronomer on Why Pennsylvania Is Center of Universe
2016-10-13,"Donald Trump, Unshackled and Unhinged"
2016-10-16,"Hillary Clinton Builds $150 Million War Chest, Doubling Donald Trump"
2016-10-16,"Specter of Trump Loosens Tongues, if Not Purse Strings, in Silicon Valley"
2016-10-16,Ripples From the ‘How Low Can They Go’ Campaign
2016-10-16,"Donald Trump and the G.O.P.: The Party of Lincoln, Reagan and, Perhaps, Extinction"
2016-10-16,Donald Trump Says He’s a ‘Big Fan’ of Hindus
2016-10-16,Officials Fight Donald Trump’s Claims of a Rigged Vote
2016-10-16,Peter Thiel to Donate $1.25 Million in Support of Donald Trump
2016-10-16,North Carolina G.O.P. Building Is Firebombed
2016-10-16,"U.S. Presidential Race, Chicago Cubs, Yemen: Your Weekend Briefing"
2016-10-17,What Are the New Battleground States?
2016-10-17,"For Clinton and Trump, There’s Little Debating a Climate Change Divide"
2016-10-17,"Daily Report: Reluctantly, Tech Notices the Election"
2016-10-17,"In Donald Trump, Conspiracy Fans Find a Campaign to Believe In"
2016-10-17,Criticism of the News Media Takes On a More Sinister Tone
2016-10-17,Sympathetic Canadians Have a Message for Americans: You Guys Are Great
2016-10-17,"Showing Confidence, Hillary Clinton Pushes Into Republican Strongholds"
2016-10-17,"Donald Trump, the Worst of America"
2016-10-17,‘They’re Lies’: Melania Trump Rejects Women’s Claims That Husband Groped Them
2016-10-17,"For Donald Trump, Lessons in Grace"
2016-10-18,"Clinton Challenges Trump for a Traditional Republican Bloc, White Catholics"
2016-10-18,Donald Trump Says He Might Meet With Putin Before Inauguration
2016-10-18,Is the Election a Morality Play or Just Reality TV?
2016-10-18,"What This 2012 Map Tells Us About America, and the Election"
2016-10-18,Teaching Seventh Graders in a ‘Total Mess’ of an Election Season
2016-10-18,Obama Tells Trump: Stop ‘Whining’ and Trying to Discredit the Election
2016-10-18,Pro-Clinton ‘Super PAC’ to Tie Embattled Senators to Donald Trump in Ads
2016-10-18,70 Nobel Laureates Endorse Hillary Clinton
2016-10-18,Pledging the Trump Fraternity
2016-10-18,Shameful Silence on Donald Trump’s Lies About Vote-Rigging
2016-10-19,Trump and Clinton’s Last Debate: Analysis
2016-10-19,Presidential Debate: What You Missed
2016-10-19,"At Previous Debates, Melania Trump and Bill Clinton Shook Hands. Not Anymore."
2016-10-19,Do Campaign Ads Matter? Donald Trump Offers a Rare Chance to Find Out
2016-10-19,"Guiding Trump, an Ex-General Who Shakes His Fist at Washington"
2016-10-19,Right-Wing Video Suggests D.N.C. Contractors Schemed to Incite Chaos at Donald Trump Rallies
2016-10-19,The New Blue and Red: An Educational Split Is Replacing the Culture War
2016-10-19,Julian Assange of WikiLeaks Unplugged
2016-10-19,"Whoever Wins the White House, This Year’s Big Loser Is Email"
2016-10-19,12 Questions We’d Like to Hear at the Presidential Debate
2016-10-20,Donald Trump Says He Will Accept Election Outcome (‘if I Win’)
2016-10-20,Donald Trump Won’t Say if He’ll Accept Result of Election
2016-10-20,Donald Trump’s Contempt for Democracy
2016-10-20,Was That a Presidential Debate or a Pitch for Trump TV?
2016-10-20,"Trump, 5; Clinton, 1: Statements at Odds With the Constitution"
2016-10-20,"Debate Takeaways: Donald Trump Had a Lot to Do, and He Didn’t Do It"
2016-10-20,Donald Trump vs. American Democracy
2016-10-20,The Debate in One Scary Answer
2016-10-20,"Hillary Clinton, Mocking and Taunting in Debate, Turns the Tormentor"
2016-10-20,Workplace Politics (the Trump-Clinton Kind)
2016-10-21,Clinton Calls Trump Threat to Democracy
2016-10-21,Trump and Clinton Both Accelerated Spending in September
2016-10-21,Hillary Clinton Makes Pitch for Mandate and a Swing-State Sweep
2016-10-21,Could Donald Trump Reject the Election Results? Yes. Would It Do Any Good? Nope.
2016-10-21,Donald Trump’s Defiance Is Seen as ‘Colossal Mistake’ That Threatens U.S. Image
2016-10-21,"The Hawk on Russia Policy? Hillary Clinton, Not Donald Trump"
2016-10-21,"In Debate, Hillary Clinton’s Clarion Call for Women Thrills Many"
2016-10-21,"Donald Trump, Enemy of Democracy"
2016-10-21,"Widening Attack on G.O.P., Obama Targets Marco Rubio in Florida"
2016-10-21,How to Repair Moral Capital
2016-10-22,Outside Money Favors Hillary Clinton at a 2-to-1 Rate Over Donald Trump
2016-10-22,"Thank You, Donald Trump"
2016-10-22,The Rich Vote Republican? Maybe Not This Election
2016-10-22,"If They Google You, Do You Win?"
2016-10-22,Donald Trump Pledges to ‘Heal Divisions’ (and Sue His Accusers)
2016-10-22,The Dangers of Hillary Clinton
2016-10-22,Don’t Take Donald Trump to Dinner
2016-10-22,John McCain’s Choice on Trump
2016-10-22,Donald Trump’s Warning on Election Result Sounds Familiar to Some Immigrants
2016-10-22,A WikiLeaks Lesson for Mrs. Clinton
2016-10-23,Hillary Clinton Presses Her Advantage Over a Struggling Donald Trump
2016-10-23,"With Tom Hanks Aboard, ‘S.N.L.’ Parodies Final Presidential Debate"
2016-10-23,G.O.P. Hopefuls in New York Races Walk Tightrope on Donald Trump
2016-10-23,"AT&T, Chicago Cubs and Mosul: Your Weekend Briefing"
2016-10-23,"Obama Assists 150 State Candidates, Targeting G.O.P.’s Grip on Legislatures"
2016-10-23,‘Not a Regular Day’: What a Trump Rally Clash Reveals About a Divided Nation
2016-10-23,The Corporate Confidence of the AT&T-Time Warner Deal
2016-10-23,"Mosul, AT&T and U.S. Presidential Election: Your Monday Briefing"
2016-10-24,Could Hillary Clinton Win Texas? Some Democrats Say Maybe
2016-10-24,Clinton’s Specter of Illegitimacy
2016-10-24,"To Flip the House, How Big Would a Clinton Victory Margin Need to Be?"
2016-10-24,Liberals Hope Elizabeth Warren Will Serve as Clinton’s Scrutinizer in Chief
2016-10-24,WikiLeaks’ Gift to American Democracy
2016-10-24,"Some Health Plan Costs to Increase by an Average of 25 Percent, U.S. Says"
2016-10-24,It’s Trump’s Party
2016-10-24,Black Democrats to Hillary Clinton: Send Money to Take Congress
2016-10-24,"Donald Trump Dismisses Latest Accuser: ‘Oh, I’m Sure She’s Never Been Grabbed Before’"
2016-10-24,"U.S. Election, Calais, AT&T: Your Monday Briefing"
2016-10-25,Obama Urges Democrats to Turn Out in Force Against Donald Trump and G.O.P.
2016-10-25,"Voters Fear Their Ballot Won’t Count, Poll Shows"
2016-10-25,The Unhappy Warriors
2016-10-25,Who Do You Want to Win the 2016 Presidential Election?
2016-10-25,Colin Powell Says He’ll Vote for Hillary Clinton
2016-10-25,Clinton Leads by 7 Points in North Carolina Poll
2016-10-25,Omarosa Manigault Changed Parties for Trump
2016-10-25,"What Drives Donald Trump? Fear of Losing Status, Tapes Show"
2016-10-25,Your Facts or Mine?
2016-10-25,Dear Republican Voters ...
