Candidate,Date,Headline,Snippet
trump,2016-10-01,Trump and the Intellectuals,A case for Trump’s ideas that ignores the man himself.
trump,2016-10-01,The Other Trump,"Unlike her prominent half siblings, Tiffany Trump has rarely been seen on the presidential campaign trail in 2016. But that may be about to change."
trump,2016-10-01,Trump Infrastructure Plan’s Fatal Flaw,"The Republican nominee has proposed, in effect, to cut spending on infrastructure as part of his plan to borrow for spending on infrastructure."
trump,2016-10-01,Donald Trump’s Pathetic Fraternity,Chris Christie and Rudy Giuliani once had pride. Now they have an orange overlord.
trump,2016-10-01,How Could Anyone Vote for Trump?,It’s time for Republican leaders to exercise a little leadership.
trump,2016-10-01,Donald Trump Opens New Line of Attack on Hillary Clinton: Her Marriage,"In an interview, Mr. Trump said he was reconsidering whether he would back Mrs. Clinton if she became president."
trump,2016-10-01,Report That Donald Trump Did Business in Cuba Ups the Ante in Florida,Revelations that Mr. Trump may have violated the ban on American companies operating in Cuba come as the presidential race is heating up in the state.
trump,2016-10-01,"After Trump-Clinton, Vice-Presidential Debate Isn’t Exactly ‘the Return of Elvis’","Donald J. Trump and Hillary Clinton drew a record television audience for their first debate. By comparison, their running mates, Mike Pence and Tim Kaine, may be heavier on policy than on pizazz."
trump,2016-10-01,Donald Trump Is Seen as Helping Push Asian-Americans Into Democratic Arms,"Asian-Americans are identifying as Democrats at a quicker pace than any other racial group, and many Republicans worry this election is accelerating that trend."
trump,2016-10-01,Girl Talk at Trump Tower,"Stay tuned for “Really Desperate Housewives of Trumpworld,” featuring Newt Gingrich, Chris Christie, Roger Ailes and Rudy Giuliani."
trump,2016-10-02,Donald Trump’s Taxes,Donald Trump has continued to decline to release his tax returns despite mounting pressure from both Democrats and Republicans. A look at some of the explanations for keeping his taxes private.
trump,2016-10-02,Trump’s Tax Records,The New York Times obtained records from 1995 showing that Donald J. Trump declared a $916 million loss. The figure is so substantial that it could have allowed him to legally avoid paying federal income tax for 18 years.
trump,2016-10-02,Alicia Machado vs. Donald Trump’s Machismo,"For the former Miss Universe from beauty pageant-crazy Venezuela, sexism and fat-shaming would be all too familiar."
trump,2016-10-02,How Donald Trump Turned the Tax Code Into a Giant Tax Shelter,"If Mr. Trump’s pattern of generating losses and using them to offset other income has continued, as seems likely, it’s obvious why he has not released his tax returns: because he hasn’t paid any taxes."
trump,2016-10-02,Donald Trump Criticizes Hillary Clinton,"At a rally on Saturday in Pennsylvania, as his tax records were being released, Mr. Trump mocked Mrs. Clinton’s bout of pneumonia and warned the audience about possible voter fraud."
trump,2016-10-02,The Time I Found Donald Trump’s Tax Records in My Mailbox,A manila envelope led to old-style investigative journalism involving a meeting in a bagel shop and an IBM Selectric typewriter.
trump,2016-10-02,Donald Trump’s Taxes: What We Know and Don’t Know,"In the absence of any disclosures from Mr. Trump, The New York Times and other news outlets have attempted to fill in the gaps."
trump,2016-10-02,‘S.N.L.’ Begins a New Season With Alec Baldwin as Donald Trump,"Kate McKinnon returned as Hillary Clinton in the much-anticipated opening sketch, a parody of the first presidential debate."
trump,2016-10-02,"Donald Trump Tax Records Show He Could Have Avoided Taxes for Nearly Two Decades, The Times Found","The Republican nominee reported nearly $1 billion in losses in 1995, opening the door to tax avoidance in subsequent years."
trump,2016-10-02,Donald Trump and His Allies Struggle to Move Past Tax Revelation,Mr. Trump’s campaign lurched between refusing to acknowledge that released 1995 tax records were bona fide to insisting that his not having paid taxes was evidence of his unrivaled business prowess.
trump,2016-10-03,The Trump Possibility,It’s the last chance to prevent a lazy and limited man who lies and cheats and thinks he has “great genes” from demeaning the Oval Office.
trump,2016-10-03,Trump’s Fellow Travelers,Profiles in cowardice and fecklessness.
trump,2016-10-03,Trump’s Tax (Avoidance) Plan,He is running for president partly to help more wealthy people be like him – and avoid paying taxes.
trump,2016-10-03,James Stewart on Trump’s Taxes,The New York Times columnist says that the candidate must explain his nearly billion-dollar loss and what breaks in the tax code contributed to it.
trump,2016-10-03,Trump Defends Tax Payments,"Donald J. Trump said at a campaign rally in Pueblo, Colo., that he had used the country's tax laws to his benefit “as legally required” and hated the way the current administration spends tax dollars."
trump,2016-10-03,Clinton Hits Trump on Taxes,"Hillary Clinton, responding to the New York Times article on Donald J. Trump’s 1995 tax return, told a rally in Toledo, Ohio, that there should be a law requiring major party nominees to release their taxes."
trump,2016-10-03,Donald Trump: Terroristic Man-Toddler,He’s an immature bully who lashes out when he should be embarrassed.
trump,2016-10-03,Donald Trump Says a Strong Defense Against Cyberattacks Is Essential,"Cyberattacks from foreign governments “constitute one of our most critical national security concerns,” Mr. Trump told a group of military veterans in Virginia."
trump,2016-10-03,State Attorney General Orders Trump Foundation to Cease Raising Money in New York,"Eric T. Schneiderman, the attorney general, said a charities bureau had determined that the Donald J. Trump Foundation was not registered to solicit donations under state law."
trump,2016-10-03,9 Times Donald Trump Complained About Taxes,"On Twitter, Mr. Trump has denounced tax avoiders, complained about misuse of his own tax dollars and warned of the significant pain that paying taxes had caused him or others."
trump,2016-10-04,Mr. Trump’s Government Bailout,"No ordinary citizen could benefit from the tax code like Donald Trump did, and his tax proposal would give people like him even more advantages."
trump,2016-10-04,"Trump, Taxes and Citizenship",Citizens enrich society and themselves when they pull their fair share.
trump,2016-10-04,"Gomez Addams, Donald Trump and the Art of Failing","The patriarch of TV’s “The Addams Family” was called a “failure at failing” by his wife. That means he, like Mr. Trump, might have been able to report taxable income of less than zero."
trump,2016-10-04,"The Trump Dialogues, From a Parody Universe",Comedians take their fictional versions of Donald J. Trump’s inner circle to the internet.
trump,2016-10-04,"Better Polling for Clinton, but Trump Is Keeping Core Support",Donald Trump’s strength among white working-class voters continues to offer him a narrow opening to victory.
trump,2016-10-04,Donald Trump’s Business Decisions in ’80s Nearly Led Him to Ruin,Tax forms and public records show how debt that Mr. Trump amassed fueled enormous losses.
trump,2016-10-04,"When It Comes to Tax Avoidance, Donald Trump’s Just a Small Fry","A new study shows how Fortune 500 companies have managed to shelter trillions of dollars in profits offshore from being taxed, leaving Mr. Trump in the dust."
trump,2016-10-04,Trump as ‘Role Model’? Kelly Ayotte Says She Misspoke,"After praising Donald J. Trump during a debate in her Senate race, Ms. Ayotte tried to walk back her remarks, but it did not quiet critics on social media."
trump,2016-10-04,How a Simple Tax Rule Let Donald Trump Turn a $916 Million Loss Into a Plus,"More than 500,000 individual taxpayers took advantage of the same tax rule as Mr. Trump in 1995. Their average loss: just $97,600."
trump,2016-10-04,Vice-Presidential Debate: What You Missed,"Senator Tim Kaine of Virginia and Gov. Mike Pence of Indiana faced off at Longwood University in Farmville, Va., in their only debate."
trump,2016-10-05,A Trumpism of the Left,Could Hillary Clinton’s technocratic party get a celebrity makeover someday?
trump,2016-10-05,Kaine and Pence on Trump’s Taxes,"The vice-presidential candidates, Tim Kaine and Mike Pence, discussed Mr. Trump’s 1995 tax documents, which The Times recently disclosed, and his refusal to release more recent returns."
trump,2016-10-05,Kaine on Pence’s Support of Trump,"Throughout the night, Tim Kaine repeatedly expressed disbelief that Mike Pence would defend various positions of his running mate’s."
trump,2016-10-05,Donald Trump’s Slip in Polls Has G.O.P. Worried About Congress,"With Mr. Trump’s support plunging in swing states, Republican congressional candidates are faced with openly fleeing the nominee to save their own campaigns."
trump,2016-10-05,Trump Says Pence Won the Debate,"Donald J. Trump, the Republican presidential nominee, said in Henderson, Nev., that Mike Pence won the vice-presidential debate and called him a “great Christian.”"
trump,2016-10-05,Mike Pence’s Defense Strategy: Dodge and Deflect Donald Trump’s Words,"At his debate with Senator Tim Kaine, Mr. Pence seemed to decide that all of the fires that Mr. Trump has set in the past year could not be doused in a single night."
trump,2016-10-05,"After Mike Pence’s Debate Showing, Donald Trump Takes Credit",The Clinton and Trump teams each praised their vice-presidential candidates after the debate between Mike Pence and Tim Kaine.
trump,2016-10-05,Why Wouldn’t Tiffany Trump Speak for Herself?,I’m sure she could have handled it. Yet the campaign was subliminally suggesting that somehow she couldn’t.
trump,2016-10-05,Donald Trump as Role Model? G.O.P. Senator ‘Absolutely’ Has Second Thoughts,Senator Kelly Ayotte of New Hampshire found herself apologizing for praising her party’s presidential candidate as a good role model.
trump,2016-10-05,"In Visceral Ads for Hillary Clinton, Donald Trump Does All the Talking","Three Clinton ads depict how young women, children and veterans might respond when shown insults by Mr. Trump, a marked departure from traditional attack ads."
trump,2016-10-06,Trump’s Deals: Hype and Reality,"Donald J. Trump is a prolific, if controversial, businessman. Here, we examine some of his ventures to find out how they fared. (Pictured: Mr. Trump showing off his home furnishings collection in 2007.)"
trump,2016-10-06,"Global Trade War, Trump Edition","Why Larry Summers, Robert Reich and other economists think the Republican presidential candidate’s trade policies are ‘lunatic.’"
trump,2016-10-06,Donald Trump’s Ventures Began With a Lot of Hype. Here’s How They Turned Out.,"Of roughly 60 ventures started or promoted by Mr. Trump, a third did not work out, a third had some success and some problems, and a third met expectations."
trump,2016-10-06,Mike Pence Disavows Donald Trump’s Earlier Proposal Barring Muslims,"Asked during a number of interviews on Thursday about why he will not condemn the Muslim ban now, Mr. Pence said, “Because that’s not Donald Trump’s position now.”"
trump,2016-10-06,Donald Trump Takes Advantage of a Republican Party Pitted Against Itself,"Mr. Trump has fomented divisions that began before he started his campaign, capitalizing on working-class whites’ anger at the party establishment."
trump,2016-10-06,"The White House Rule: No Tax Returns, No Job","We wouldn’t have let someone with Trump’s returns serve in the cabinet, so how can he be president?"
trump,2016-10-06,Megyn Kelly and Sean Hannity Indulge in Testy Public Clash,"The two Fox News anchors criticized each other’s treatment of the presidential candidates, with Mr. Hannity accusing Ms. Kelly of supporting Hillary Clinton."
trump,2016-10-06,Who’s Sorry Now? The Country,Clinton even leads Trump when it comes to apologies.
trump,2016-10-06,"Good, Bad and Mad: Andrew Rosenthal on the News","The Opinion columnist Andrew Rosenthal on the vice-presidential debate, efforts to legalize marijuana and other news."
trump,2016-10-06,"Debates Past, and Debates Future","Readers urge the presidential candidates to go beyond attacks and sound bites, and reflect on the role of faith in the vice-presidential race."
trump,2016-10-07,Letterman Has No Love for ‘Damaged’ Trump,"In an interview, Mr. Letterman gave his thoughts on the Republican presidential nominee and why he considers him “a person to be shunned.”"
trump,2016-10-07,"Balance, Trump and Lies","Is any equivalence of the treatment of Clinton and Trump “false” because they are not compatible, any more than, say, harassment and murder?"
trump,2016-10-07,Donald Trump Apology Caps Day of Outrage Over Lewd Tape,A vulgar discussion recorded in 2005 on a soap opera set added to evidence that Mr. Trump has a record of sexist behavior.
trump,2016-10-07,"A Must-Win Debate for Donald Trump, but Not a Must-Rehearse One","Hillary Clinton and Mr. Trump are getting ready, in their own ways, for Sunday’s town-hall-style debate in St. Louis, with Mr. Trump’s team calling it a must-win."
trump,2016-10-07,"How This Jobs Report Can Help Clinton, and Trump","The numbers are such that Hillary Clinton can argue that the economy continues to improve, and Donald Trump can argue that things haven’t improved enough."
trump,2016-10-07,My Dad Set the Precedent Donald Trump Is Flouting,"In 1967, my father convinced George Romney to release 12 years of tax returns, helping to establish a precedent that Donald J. Trump, so far, has defied."
trump,2016-10-07,When Donald Trump Went to Washington and Got Himself a Tax Break,"In less than two years, a set of provisions was passed that stood to be enormously lucrative to Mr. Trump and the rest of the real estate industry."
trump,2016-10-07,How Donald Trump Uses the Tax Code in Ways You Can’t,"Real estate developers like Donald J. Trump can combine a number of breaks in the tax code to generate large deductions, which could have allowed him to avoid paying any federal income tax for decades."
trump,2016-10-07,The G.O.P. Ticket; Fox News in Chinatown,"A look at how the businessman at the top of the ticket is relying on the professional politician at the bottom. And in New York, a Fox News piece crudely mocks Chinese-Americans."
trump,2016-10-07,How Many Times Have Both Parties Nominated New Yorkers for President?,"The Trump-Clinton campaign bears some, though not too many, similarities to three other New York-centric presidential elections."
trump,2016-10-08,The Sleaziness of Donald Trump,He boasted about assaulting women. Enough.
trump,2016-10-08,Donald Trump’s Apology That Wasn’t,"In a video expressing regret over his lewd comments, Mr. Trump remained defiant, calling the disclosure a “distraction” and used it to renew political and personal attacks on Hillary Clinton."
trump,2016-10-08,"Donald Trump, Groper in Chief",A former business partner recounts her experience with Trump in the 1990s.
trump,2016-10-08,"Tough Donald Trump Coverage, if a Little Late","The paper has offered readers powerful coverage of Donald Trump, but what if it had started doing so earlier in the campaign?"
trump,2016-10-08,Why Republicans Are Probably Stuck With Donald Trump,"Unless he becomes incapacitated or quits, getting rid of him is, legally and logistically, “the equivalent of a triple bank shot.”"
trump,2016-10-08,Donald Trump’s Lewd Comments About Women,"In a 2005 recording obtained by The Washington Post before the presidential election, Donald J. Trump talks about women in vulgar terms to Billy Bush, then the host of “Access Hollywood.”"
trump,2016-10-08,Lewd Donald Trump Tape Is a Breaking Point for Many in the G.O.P.,Pressure built on the candidate to withdraw from the presidential campaign as party leaders urged the G.O.P. to shift its focus to down-ballot contests.
trump,2016-10-08,Those Who Don’t Understand Trump Are Doomed to Repeat Him,"Throughout history, countries have struggled to recover from economic crises, leaving the door open for nationalism and populist leaders."
trump,2016-10-08,Transcript of Donald Trump’s Videotaped Apology,"In a brief video early Saturday, Mr. Trump expressed regret for vulgar comments he made about women in 2005."
trump,2016-10-08,Billy Bush Says He’s Ashamed by Lewd Talk With Donald Trump,"Mr. Bush, a cousin of President George W. Bush, said he was “less mature, and acted foolishly“ in a 2005 conversation with Mr. Trump about women."
trump,2016-10-09,Trump and Clinton’s Second Debate: Analysis,Here’s how we analyzed in real time the second presidential debate between Hillary Clinton and Donald J. Trump.
trump,2016-10-09,Donald Trump Vows Retaliation as Republicans Abandon Him,Mr. Trump called the defectors “self-righteous hypocrites” and predicted their defeat at the ballot box.
trump,2016-10-09,Men Say Trump’s Remarks on Sex and Women Are Beyond the Pale,"Men of many backgrounds and parts of the country had varied opinions on how men talk, but they agreed that Mr. Trump’s version was unacceptable."
trump,2016-10-09,How NBC Finished Second on the Trump Video Story,Top NBC officials learned early last week of the video of Donald J. Trump making vulgar remarks about women. But it was The Washington Post that broke the story.
trump,2016-10-09,"Inside Trump Tower, an Increasingly Upset and Alone Donald Trump","Shunned by many Republicans over his lewd comments about women, Mr. Trump spent most of Friday and Saturday at his headquarters as his advisers pondered his next steps."
trump,2016-10-09,Donald Trump’s Loyalists Aren’t Fleeing the Latest Storm,The Republican candidate’s supporters are apparently standing by him despite the release of a 2005 recording of him speaking about women in vulgar terms.
trump,2016-10-09,Donald Trump Highlights Breitbart Interview With Clinton Accuser,"On Twitter, the Republican candidate pointed to a new interview with Juanita Broaddrick, who claimed in 1999 that Bill Clinton had raped her."
trump,2016-10-09,Utah’s Top Mormons in ‘All-Out Revolt’ Against Donald Trump,Outrage among Republicans about Mr. Trump has allowed Democrats to contemplate what was once unthinkable: taking the state for Hillary Clinton in November.
trump,2016-10-09,"Donald Trump the Showman, Now Caught in the Klieg Lights","Donald J. Trump deftly used the blending of news and entertainment to build a brand, and then a campaign. But all that drama has turned into a big, messy show."
trump,2016-10-09,Donald Trump’s Long Record of Degrading Women,"The candidate has a history of insulting or unwelcome conduct that goes back several decades, The New York Times has found."
trump,2016-10-10,Donald Trump Goes Low,"Sniffing and glowering, Donald Trump prowled behind Hillary Clinton. Once again, she was the only adult on the stage."
trump,2016-10-10,"Donald Trump, Barbarian at the Debate",We have to stop grading this man on a curve.
trump,2016-10-10,"Trump, the Next Big Short","For years, business has wanted someone with corporate experience in the White House. Suddenly, that prospect doesn’t seem so appealing."
trump,2016-10-10,"Trump’s Second Debate, in Brief",He just lies. Relentlessly.
trump,2016-10-10,A Partisan Crowd Watches the Debate at the New Trump Hotel,"Sunday’s debate drew a crowd to the bar of the month-old Trump International Hotel in Washington, where the TVs were turned to Fox and free wine was flowing."
trump,2016-10-10,The Donald Trump We Always Knew,Neither Sunday’s debate nor the 2005 video showed us anything new about the Republican nominee.
trump,2016-10-10,Trump to Clinton: ‘You’d Be in Jail’,"Donald J.Trump told Hillary Clinton during their second presidential debate that if he were elected he would seek a special prosecutor’s investigation of her and that if he were in charge, “You'd be in jail.”"
trump,2016-10-10,Trump and Clinton in Second Presidential Debate,Donald J. Trump and Hillary Clinton faced off in a 90-minute debate filled with unremitting hostility.
trump,2016-10-10,"For G.O.P. Candidates, Renouncing Donald Trump Carries Dire Risks","In interviews, many Trump supporters in Arizona and New Hampshire spoke witheringly of incumbents who have withdrawn their support for the party’s presidential nominee."
trump,2016-10-10,Donald Trump Acknowledges Not Paying Federal Income Taxes for Years,The admission of using a loss to avoid future taxes came in response to a question at Sunday’s debate with Hillary Clinton.
trump,2016-10-13,What Donald Trump Is Right About,"Actions count more than words, and his are heinous."
trump,2016-10-13,Trump Versus Twitter,Mr. Trump’s descriptions of sexual assault — and new allegations against him — have inspired inventive social-media responses.
trump,2016-10-13,"Donald Trump, Unshackled and Unhinged","He still has a chance to turn things around, but he’s showing no inclination that he wants to."
trump,2016-10-13,Donald Trump Threatens to Sue The Times Over Article on Unwanted Advances,A lawyer for Mr. Trump denied the allegations of inappropriate touching made by two women in an article on Thursday in The New York Times.
trump,2016-10-13,"Donald Trump, Slipping in Polls, Warns of ‘Stolen Election’","Mr. Trump’s claims highlight concerns that he may not accept a Clinton victory, potentially undermining the legitimacy of the election and the democratic process."
trump,2016-10-13,Donald Trump Calls Allegations by Women ‘False Smears’,Donald Trump said an article in The New York Times about two women who charged that he had inappropriately touched them was a “total fabrication.”
trump,2016-10-13,How to Fix the Tax Code and Close Donald Trump’s Loopholes,"Though the Republican nominee agrees the tax code is unfair, he has proposed nothing to eliminate any of the rules that allowed him to amass a fortune."
trump,2016-10-13,Writer for People Magazine Describes Forced Kiss by Trump,Natasha Stoynoff described the 2005 encounter in an article on the magazine’s website. Mr. Trump denied her story on Twitter.
trump,2016-10-13,"Voice Shaking, Michelle Obama Calls Trump Comments on Women ‘Intolerable’",The first lady exhorted voters in visceral terms to reject Donald J. Trump’s candidacy and back Hillary Clinton as a matter of conscience.
trump,2016-10-13,Donald Trump’s Toxic Masculinity,His offensive macho posture clicks with men who hear in him an echo of their own desperation.
trump,2016-10-14,Erick Erickson: The G.O.P. After Donald Trump,Voters are being held hostage by hollow promises from both parties. The Republicans have a chance to win back their trust.
trump,2016-10-14,‘Never Trump.’ But Then What?,"At the annual RedState gathering, prominent conservatives reflect on how Donald Trump has divided their party."
trump,2016-10-14,Closing Trump’s Tax Loopholes,James Stewart of The New York Times on the exit of Wells Fargo’s chief executive and four steps to close the loopholes that allowed Donald Trump to avoid taxes.
trump,2016-10-14,Who Is to Blame for Trump’s Polling?,"If you ask the candidate, anyone or anything other than himself is to blame for his standing in the polls. The New York Times gives Hillary Clinton an 89 percent chance of winning the election."
trump,2016-10-14,Press Tensions at Trump Rallies,"When reporters enter campaign rallies for Donald J. Trump, it is increasingly common for his supporters to boo and yell. The Times media critic Jim Rutenberg examines the relationship between the news media and the Republican presidential nominee."
trump,2016-10-14,"Donald Trump Assails His Accusers as Liars, and Unattractive","Mr. Trump attacked the women accusing him of inappropriate sexual advances, while claiming that the news media and Hillary Clinton were conspiring against him."
trump,2016-10-14,Donald Trump vs. a Free Press,Mr. Trump is wrong to think he can win a lawsuit against The Times for publishing allegations about his groping of women.
trump,2016-10-14,"After Donald Trump, Will More Women Believe Their Own Stories?",This week’s wave of claims against the Republican nominee suggest the possibility of a shift in how women think about sexual assault.
trump,2016-10-14,"Trump as Champion of Working Class? ‘Come On,’ Obama Says","President Obama implored voters to “reject a dark and pessimistic vision” offered by Donald J. Trump, who he said faked his concern for the working class."
trump,2016-10-14,Where’s the Love for Trump? Not in Ads for G.O.P. Candidates,Some Republicans running for the House and Senate did not mention of Donald Trump in political advertising because it would hurt them with undecided voters.
trump,2016-10-15,Donald Trump and Other Animals,I compared him to an insect. But maybe that didn’t go far enough.
trump,2016-10-15,How to Be a Man in the Age of Trump,Will the G.O.P. candidate unwittingly inspire a new bipartisan feminism?
trump,2016-10-15,Trump Says Allegations Are ‘100% False’,"At a rally in Charlotte, N.C., Donald J. Trump described himself as a victim of a smear campaign and accused Hillary Clinton of “character assassination.”"
trump,2016-10-15,Magnate’s Twin Goals: Fighting Climate Change and Electing Donald Trump,"Andrew Sabin, who made a fortune recycling precious metals, is a political paradox, throwing his wallet behind climate change initiatives and the Republican nominee."
trump,2016-10-15,Where the Trump Name Is Emblazoned Now: The Front Yard,"A 3,000-mile trek across the northern United States provides evidence that, at least in sheer number of campaign signs, Trump supporters rule the roadways."
trump,2016-10-15,Donald Trump’s Barrage of Heated Rhetoric Has Little Precedent,"His near-apocalyptic warnings, accusations and crude innuendo are nearly unheard-of in modern campaigns, unnerving Republicans and enraging Democrats."
trump,2016-10-15,"‘We Should Take a Drug Test’ Before Debate, Donald Trump Says","Mr. Trump, offering no evidence, suggested to a crowd in New Hampshire that Hillary Clinton may have been on drugs during their last debate."
trump,2016-10-15,Michelle Schools Donald Trump,"A quarter century after Anita Hill lost to Clarence Thomas, Michelle Obama takes Trump to task."
trump,2016-10-15,Issues in Hillary Clinton’s Past Leave Her Muted in Furor Over Donald Trump,Mrs. Clinton has been scarred by old missteps and paralyzed by her husband’s history of facing accusations of sexual misconduct.
trump,2016-10-15,"For Paul Ryan, a Long, Labored Path Leading Away From Donald Trump","The House speaker, no fan from the start, struggles to safeguard his party’s control of Congress while declining to defend the billionaire candidate’s every misstep."
trump,2016-10-16,Officials Fight Donald Trump’s Claims of a Rigged Vote,Mr. Trump sowed doubts about the integrity of the democratic process on Sunday even as his own running mate assured voters the election would be legitimate.
trump,2016-10-16,Donald Trump Says He’s a ‘Big Fan’ of Hindus,"He also praised India’s prime minister, Narendra Modi, at an Indian-American charity event."
trump,2016-10-16,Peter Thiel to Donate $1.25 Million in Support of Donald Trump,"The billionaire investor, the only prominent supporter of the Republican candidate in the tech community, joins a very short list of large Trump contributors."
trump,2016-10-16,"Hillary Clinton Builds $150 Million War Chest, Doubling Donald Trump","September was Mr. Trump’s best fund-raising month, but he and committees linked to his campaign began October with only $75 million in cash on hand."
trump,2016-10-16,"Donald Trump and the G.O.P.: The Party of Lincoln, Reagan and, Perhaps, Extinction","Mr. Trump’s rise has exacerbated tensions and deepened divisions within the 162-year-old Republican Party, raising concerns that it may go the way of the Whigs."
trump,2016-10-16,"Specter of Trump Loosens Tongues, if Not Purse Strings, in Silicon Valley","The tech community’s usual reticence about politics is being upended by the prospect of a President Trump, even as traditional fund-raising is lagging."
trump,2016-10-16,Ripples From the ‘How Low Can They Go’ Campaign,"As the run for president veered to Donald J. Trump’s treatment of women, and whether Bill Clinton’s was worse, Americans collectively shook their heads."
trump,2016-10-16,The California Ballot Measure That Inspired a Tax Revolt,"Proposition 13, a populist crusade in 1978 to cut property taxes, set in motion a political process that still reverberates across the nation."
trump,2016-10-16,"Corrections: October 16, 2016","Corrections appearing in print on Sunday, October 16, 2016."
trump,2016-10-16,North Carolina G.O.P. Building Is Firebombed,"Graffiti painted nearby depicted a swastika and the warning, “Nazi Republicans leave town or else.”"
trump,2016-10-17,"Donald Trump, the Worst of America","He is the logical extension of misogyny, racism, privilege and anti-intellectualism."
trump,2016-10-17,Donald Trump’s Playbook for Smearing,"When Trump is feeling cornered, in business or politics, he has a go-to strategy: He lies, and he just keeps lying."
trump,2016-10-17,The New Protesters Defying Donald Trump: His Customers,"Small, inconspicuous acts of rebellion have taken aim at perhaps the candidate’s most prized possession — his brand name — by boycotting what he’s selling."
trump,2016-10-17,"For Donald Trump, Lessons in Grace",The patriotic concession speeches of prior presidential candidates show an alternative to his corrosive conspiracies.
trump,2016-10-17,Audience Members Walk Out on Amy Schumer After Trump Criticisms,"At a show in Tampa, Fla., the comedian’s criticisms of Donald J. Trump drew boos, and some 200 people left."
trump,2016-10-17,Donald Trump Reveals Evangelical Rifts That Could Shape Politics for Years,"While most of the religious right’s old guard has chosen to stand by Mr. Trump, its judgment and authority are being challenged by evangelicals who are younger, minorities and women."
trump,2016-10-17,Why Trump Doubled Down on the Central Park Five,"The Republican nominee still says, despite all the evidence, that the five men confessed to sexual assault so they must be guilty. He’s not alone."
trump,2016-10-17,‘They’re Lies’: Melania Trump Rejects Women’s Claims That Husband Groped Them,"Ms. Trump, who has shied from interviews since her plagiarized speech at the Republican convention, said a lewd recording of her husband was “not the man that I know.”"
trump,2016-10-17,Jared Kushner Talks of a Trump TV Network With a Media Deal Maker,"Mr. Kushner, Donald J. Trump’s son-in-law, informally reached out to a veteran media investment banker, who is also a friend, about setting up the channel."
trump,2016-10-17,I Hardly Expected My Letter to Donald Trump to Go Viral,"Like lots of lawyers, I write dozens of lawyer letters every year — and they tend to have an audience of one."
trump,2016-10-18,Pledging the Trump Fraternity,"Like other groups, Delta Kappa Trump has its own status symbols and initiation ceremonies."
trump,2016-10-18,Obama to Trump: Stop Whining,"Speaking at the White House with the Italian prime minister, President Obama responded to a journalist’s question about Donald J. Trump’s claims of a rigged election by saying Mr. Trump should “stop whining.”"
trump,2016-10-18,Trump Calls for Term Limits,"Donald J. Trump, speaking Tuesday at a campaign event in Colorado Springs, said that if he was elected president he would call for congressional term limits."
trump,2016-10-18,Shameful Silence on Donald Trump’s Lies About Vote-Rigging,Republican leaders must reject the ridiculous notion that a national election can be “rigged.”
trump,2016-10-18,What Our Sons Are Learning From Donald Trump,A presidential candidate’s definition of masculinity prompts a second look at the damaging assumptions behind “boys will be boys.”
trump,2016-10-18,Obama Tells Trump: Stop ‘Whining’ and Trying to Discredit the Election,"At a news conference, the president said Donald J. Trump’s claims showed that the Republican Party’s nominee lacked the leadership or toughness to be president."
trump,2016-10-18,Donald Trump Says He Might Meet With Putin Before Inauguration,"In a radio interview on Monday, Mr. Trump said that Hillary Clinton and the Obama administration have been too aggressive with the Russian president."
trump,2016-10-18,Hillary Clinton and Donald Trump Answer Your Questions,"Readers told us what issues they wanted to hear more about, and the campaigns responded."
trump,2016-10-18,"Trump Wants Big Changes to Legal Immigration, Too — How Big?",Donald J. Trump has proposed the most substantial restrictions on legal immigration in nearly a century.
trump,2016-10-18,Magazine Says Six People Corroborate Writer’s Claim Trump Assaulted Her,"A People magazine article contains comments supporting the accusation of Natasha Stoynoff, a writer for the magazine."
trump,2016-10-19,The Trump Afterlife,Keeping his movement going after November will be a challenge.
trump,2016-10-19,Melania Trump Mimics Hillary Clinton to Defend Donald Trump,She’s parroting the arguments Clinton used decades ago about a “conspiracy” against Bill.
trump,2016-10-19,Trump in a Bikini,He relentlessly scrutinizes others. Let’s conduct various examinations of him.
trump,2016-10-19,The Religious Right’s Trump Schism,“The world is getting a glimpse into the dark and rotting core of evangelicalism.”
trump,2016-10-19,Goldman Sachs C.E.O. on Trump,"“We weren’t meeting in secret and we certainly weren’t plotting the destruction” of America, said Lloyd Blankfein, reacting to comments from Donald Trump."
trump,2016-10-19,Review: ‘Michael Moore in TrumpLand’ Isn’t About Donald Trump,"The film, which captures a live stage performance by Mr. Moore, is not a rollicking attack on the Republican nominee but a paean to Hillary Clinton."
trump,2016-10-19,Trump and Clinton’s Last Debate: Analysis,Here’s how we analyzed in real time the last presidential debate between Hillary Clinton and Donald J. Trump.
trump,2016-10-19,How Donald Trump Hacked the Politics of Foreign Policy,Scholars of American politics say Mr. Trump is using international issues as a medium to connect with voters’ gut-level fears and desires.
trump,2016-10-19,Donald Trump’s Call to Monitor Polls Raises Fears of Intimidation,"The candidate has issued dark warnings about a “stolen” election and voter fraud, using language that is leading to anxiety in minority communities."
trump,2016-10-19,How Silicon Valley Treats a Trump Backer: Peter Thiel,"Peter Thiel, who has drawn fire from fellow tech executives for supporting Donald J. Trump, plans to address the issue in a speech this month."
trump,2016-10-20,Trump and Clinton on Abortion,Donald J. Trump and Hillary Clinton offered drastically different opinions on the issue of abortion during the presidential debate in Las Vegas on Wednesday.
trump,2016-10-20,Was That a Presidential Debate or a Pitch for Trump TV?,"There were two Donald J. Trumps at the debate in Las Vegas: The presidential candidate, and the possible future media mogul."
trump,2016-10-20,Donald Trump’s Contempt for Democracy,"In saying he was not sure if he’d support the election results, Mr. Trump added another reason he is not qualified to be president."
trump,2016-10-20,A ‘Taco Wall’ to Protest Trump,"Supporters of the Democratic nominee for president, Hillary Clinton, surrounded a Trump Hotel in Las Vegas with about 150 taco trucks on Wednesday and staged protests ahead of the final presidential debate."
trump,2016-10-20,Donald Trump vs. American Democracy,He’s desperate for a reason to explain why he’s losing.
trump,2016-10-20,"Donald Trump Is Wrong on Mosul Attack, Military Experts Say","They said that Mr. Trump’s armchair generalship revealed a fundamental lack of understanding of Iraqi politics, military warfare, and military history."
trump,2016-10-20,Trump and the ‘Rigged’ Emmy Awards: A History of Snubs,"“The Apprentice” has been nominated several times for Primetime Emmy Awards, and its losses have apparently weighed on Mr. Trump."
trump,2016-10-20,Donald Trump Says He Will Accept Election Outcome (‘if I Win’),"“Of course I would accept a clear election result, but I would also reserve my right to contest or file a legal challenge in the case of a questionable result,” Mr. Trump said."
trump,2016-10-20,Donald Trump Won’t Say if He’ll Accept Result of Election,"“I will keep you in suspense,” Donald Trump said at a debate that began cordially but turned caustic. Hillary Clinton replied that his statement was “horrifying.”"
trump,2016-10-20,Clinton and Trump Do Battle in the Final Presidential Debate,Nicholas Kristof live-tweets and fact checks the showdown.
trump,2016-10-21,"Donald Trump, Enemy of Democracy",What’s the best response from all of us? To fight his attempted despotism with more democracy.
trump,2016-10-21,Trump to Accelerate Campaign Schedule,"Donald J. Trump said in Fletcher, N.C., that from now on he would be packing his schedule with events and expressed determination to win the presidential election."
trump,2016-10-21,Donald Trump’s Theories of Constitutional Interpretation,The Constitution is the guide.
trump,2016-10-21,Clinton Calls Trump Threat to Democracy,Hillary Clinton’s comments came as Donald J. Trump has repeatedly declined to say that he would accept the results of the presidential election.
trump,2016-10-21,Trump Speaks at Al Smith Dinner,"After a contentious debate the night before, Donald J. Trump shared the stage with Hillary Clinton one last time."
trump,2016-10-21,Trump and Clinton Both Accelerated Spending in September,"Donald Trump spent $70 million, according to reports, more than double the $30 million in August. Hillary Clinton’s campaign spent even more, $95 million."
trump,2016-10-21,Clinton Jabs Trump at Al Smith Dinner,"Hillary Clinton took the stage at the charity event, a respite of humor in a bruising campaign against Donald J. Trump."
trump,2016-10-21,Donald Trump’s Defiance Is Seen as ‘Colossal Mistake’ That Threatens U.S. Image,"Diplomats and elected officials fear that Mr. Trump, if he loses, will severely undermine the international reputation of the American political system."
trump,2016-10-21,Trump the Anti-American,"Rage is all that Trump has had to offer. His America is small. But this is still the land of “Sure,” of the embrace of possibility."
trump,2016-10-21,"Times Lawyer on Donald Trump, Libel and Free Speech","“The press serves as a check on people in power,” says David McCraw, The Times’s vice president and assistant general counsel."
trump,2016-10-22,Mr. Gingrich’s ‘Big Trump’,Newt Gingrich is positioning himself as the politician best able to mobilize Trump supporters going forward.
trump,2016-10-22,"Thank You, Donald Trump",His boasts have shown what women endure every day.
trump,2016-10-22,What Nixon Could Teach Trump About Losing,"Despite voting irregularities, he refused to cry foul after the 1960 election."
trump,2016-10-22,Gay Republican Group Declines to Endorse Donald Trump,The Log Cabin Republicans said its members were torn between the favorable words Mr. Trump has spoken about their concerns and the anti-gay-rights policies he has embraced.
trump,2016-10-22,Donald Trump Pledges to ‘Heal Divisions’ (and Sue His Accusers),"Mr. Trump went to Gettysburg, Pa., for what was supposed to be a major policy speech. He spent much of it dwelling on grievances."
trump,2016-10-22,Trump Recording Narrows Divide on Sexual Assault,A three-minute clip of Mr. Trump boasting about groping women appears to have prompted a change in consciousness that usually takes decades.
trump,2016-10-22,The Clinton and Trump Foundations Are Vastly Different. Here’s How.,A comparison of the Clinton and Trump Foundations and the controversies that surround them.
trump,2016-10-22,Can Trump Help Us Bridge the ‘God Gulf’?,The crisis among evangelicals over supporting Donald Trump’s candidacy has also provided an opportunity.
trump,2016-10-22,John McCain’s Choice on Trump,"The senator could try to rebuild the Republican Party, or he could play it safe."
trump,2016-10-22,Donald Trump’s Warning on Election Result Sounds Familiar to Some Immigrants,The candidate’s recent comments about the legitimacy of the election have perversely made some immigrants feel right at home.
trump,2016-11-24,Trump to Accept Inauguration Funds From Corporations and Big Donors,The move represents a continued march back from standards set in 2009 and complicates the president-elect’s pledge to eliminate influence from special interests.
trump,2016-11-24,"Wilbur Ross, Billionaire Investor, Is Said to Be Trump’s Commerce Pick","After choosing national security hard-liners for some of his earliest appointments, the president-elect is turning to ultrawealthy conservatives."
trump,2016-11-24,"A Battle to Change Medicare Is Brewing, Whether Trump Wants It or Not","Republicans plan to move forward on a years-old effort to shift Medicare to a system known as premium support, setting up a partisan fight."
trump,2016-11-24,"Betsy DeVos, Trump’s Education Pick, Has Steered Money From Public Schools","Ms. DeVos, a philanthropist, activist and Republican fund-raiser, has worked to give families vouchers to attend private schools and pressed to expand charter schools."
trump,2016-11-24,"Jared Kushner, Cast as Potential Player on Israel, Is Little Known There","President-elect Donald J. Trump said this week that Mr. Kushner, his son-in-law, could play a key, if undefined, role in Middle East peace efforts."
trump,2016-11-24,Carving Donald Trump,Pass the stuffing and wave the olive branch.
trump,2016-11-24,All the Clamor? Trump’s Palm Beach Neighbors See an Upside,"A security cordon and news trucks descended on the area around the president-elect’s Florida resort, but many residents were blasé about the activity."
trump,2016-11-24,Trump Cites Progress in Keeping Carrier Air Conditioning Plant in Indiana,"Donald J. Trump, who had made coming job losses at a Carrier plant a campaign issue, said he had reached out to the company."
trump,2016-11-24,"Trump Signs, Trees and Accusations That a New York Agency Is Biased","When his signs supporting Donald J. Trump for president were stolen or vandalized at his home in Queens, Michael Ricatto tried to catch the perpetrator. What happened next was a surprise."
trump,2016-11-24,Would Trump Have Won Trump University Cases? Evidence Says He Faced Hard Fight,"Sworn statements described a scheme to cheat customers, and sales playbooks called for tapping into “the roller coaster of emotions” to get people to sign up."
trump,2016-11-25,"In Scotland, Trump Built a Wall. Then He Sent Residents the Bill.","The president-elect left a trail of unmet promises on one of his golf courses, and lashed out at homeowners who stood in his way."
trump,2016-11-25,Trump Has Options for Undoing Obama’s Climate Legacy,"A little-known office under the control of the White House can keep some environmental regulations from taking effect, and the president can reverse rules not yet completed."
trump,2016-11-25,Republicans Divided Between Romney and Giuliani for Secretary of State,The leading candidates are both high-profile politicians with their share of detractors.
trump,2016-11-25,Donald Trump and the Lawsuit Presidency,The $25 million settlement of the Trump University fraud cases is only the tip of the iceberg.
trump,2016-11-25,How Trump Won the Troops,The regions and classes that send their children off to war were the same ones that voted for the president-elect.
trump,2016-11-25,Will Donald Trump Destroy the Iran Deal?,Leaders of other countries need to make clear to the president-elect that they will work to keep the nuclear agreement in place.
trump,2016-11-25,Donald Trump Goes to Washington,And the Lincoln Memorial gets a makeover.
trump,2016-11-25,"With North Korea Looming, Trump May Be Rethinking China Showdown","Starting a trade war would jeopardize Beijing’s cooperation on containing the North, whose nuclear capabilities have been increasing sharply."
trump,2016-11-25,Donald Trump Adds K.T. McFarland to His National Security Team,"Ms. McFarland, an aide in three Republican administrations, was named deputy national security adviser, while Donald F. McGahn II was chosen as White House counsel."
trump,2016-11-25,Remember When ‘Figaro’ Was Set in Trump Tower?,"Peter Sellars on his Reagan-era staging of “Le Nozze di Figaro” (1988), why he chose the setting, and what Mozart was saying about money, class and power."
trump,2016-11-26,"Potential Conflicts Around the Globe for Trump, the Businessman President","In many of the president-elect’s international development ventures, his business partners have close ties to foreign governments."
trump,2016-11-26,"‘Vulture’ or ‘Phoenix’? Wilbur Ross, Risk-Taker, Is Eyed for Commerce Post","President-elect Donald J. Trump is turning not to a cautious corporate chieftain, but to somebody usually considered either a hero or a villain."
trump,2016-11-26,"U.S. Officials Defend Integrity of Vote, Despite Hacking Fears","Some opponents of Donald J. Trump are seeking recounts in Wisconsin, Michigan and Pennsylvania, states where his margin of victory was extremely thin."
trump,2016-11-26,Donald Trump’s Caldron of Conflicts,Mr. Trump’s business interests will threaten the integrity of the government.
trump,2016-11-26,The Soldier Donald Trump Called a Traitor,The president-elect’s campaign crusade against Sgt. Bowe Bergdahl makes it unlikely that the former Taliban hostage can get a fair trial.
trump,2016-11-26,The Pretend Populism of Donald Trump,The “blue-collar billionaire” is looking plenty regal so far.
trump,2016-11-26,Trump’s Next Battle: Keeping These Republican Senators Happy,Lindsey Graham. John McCain. Jeff Flake. They are just a few of the lawmakers the president-elect may sometimes find himself having to win over.
trump,2016-11-26,A Donald Trump-Led Trip Back to the Gold-Plated ’80s,"The wealth culture of today, in contrast to the excesses of the 1980s, emphasizes staying under the radar. The election of Mr. Trump could change that."
trump,2016-11-26,Fate of U.S.-Cuba Thaw Is Less Certain Under Donald Trump,"The president-elect has been critical of the détente, and sent mixed signals during the campaign about his intentions toward the island nation."
trump,2016-11-26,"Trump Leans on Carrier to Keep 2,000 U.S. Jobs From Moving to Mexico","Two factories in Indiana were slated to close and their jobs moved to Monterrey. Mr. Trump tweeted, “Making progress,” in capital letters."
trump,2016-11-27,"Trump Claims, With No Evidence, That ‘Millions of People’ Voted Illegally",The president-elect made the unsubstantiated claim as part of a storm of Twitter posts voicing anger about a three-state recount push.
trump,2016-11-27,"Combative, Populist Steve Bannon Found His Man in Donald Trump","Mr. Bannon courted politicians who share his dark, populist worldview of a ruling class preying on working Americans and “the Judeo-Christian West” in a “war against Islamic fascism.”"
trump,2016-11-27,Invoking Radicals of America’s Recent Past in a Politically Fraught Present,"The outcome of this year’s election gives “Party People,” a play now at the Public Theater that draws on the ideas and activism of groups like the Black Panthers and Young Lords, a special urgency."
trump,2016-11-27,South Korean Leader Digs In Against Rising Calls for Impeachment,A bizarre scandal and an escalating backlash could make President Park Geun-hye the first South Korean leader to be removed from office since 1979.
trump,2016-11-27,"Fidel Castro, Donald Trump, Cyber Monday: Your Weekend Briefing",Here’s what you need to know about the week’s top stories.
trump,2016-11-27,"Fidel Castro, François Fillon, Narendra Modi: Your Monday Briefing",Here’s what you need to know to start your day.
trump,2016-11-27,"At World Chess Championship, Familiar Overtones of East-West Politics","A Russian and a Norwegian are battling in a contest that is once again taking place during escalating tensions among Russia, the United States and Western Europe."
trump,2016-11-27,Obama Expands War With Al Qaeda to Include Shabab in Somalia,"The administration’s move to stretch a 2001 war authorization will strengthen Donald J. Trump’s authority to combat thousands of Somali militants, and has drawn objections from some experts."
trump,2016-11-28,Supreme Court Agenda in the Trump Era? A Justice Seems to Supply One,"At an energized conservative legal gathering, Justice Samuel A. Alito Jr. suggested that only resolve on the right could rescue free speech, religious liberty and gun rights."
trump,2016-11-28,"Trump’s Promises Will Be Hard to Keep, but Coal Country Has Faith","Though experts say out-of-work miners are likely to be disappointed by Donald J. Trump’s economic plans, his supporters in West Virginia believe he can bring jobs back."
trump,2016-11-28,Donald Trump’s Threat to Close Door Reopens Old Wounds in Cuba,"In a post on Twitter, he said he would “terminate” the pact President Obama made if Cuba is unwilling to make “a better deal for the Cuban people.”"
trump,2016-11-28,Congress May Hold Key to Handling Trump’s Conflicts of Interest,"If divestment or a blind trust does not solve the issue, Congress could approve actions in advance, adding transparency."
trump,2016-11-28,"Cities Vow to Fight Trump on Immigration, Even if They Lose Millions","Officials in what are known as sanctuary cities say they will act as a bulwark against mass deportations, even at the risk of losing federal money for local services."
trump,2016-11-28,Trump Meets Petraeus as Secretary of State Sweepstakes Heat Up,"Mr. Trump was widely criticized for baseless claims of voter fraud, and one of his advisers publicly denounced Mitt Romney, a contender to lead the State Department."
trump,2016-11-28,Can Oil Help Mexico Withstand Trump’s Attack on Trade? It’s Hard to See How,"The country’s state-owned oil company, Pemex, is saddled with debt and struggling with production. As a Donald J. Trump presidency looms, fixing it is a top priority."
trump,2016-11-28,Donald Trump Faces Obstacles to Resuming Waterboarding,"Federal law, international pressure and resistance from inside the C.I.A. stand in the way of Donald J. Trump using brutal interrogation tactics."
trump,2016-11-28,‘Trump Effect’ Is Already Shaping Events Around the World,"Donald J. Trump’s election is influencing markets, currencies and government policies as the world bets on how he will rewrite international rules."
trump,2016-11-28,Heng on Trump and the Trans-Pacific Partnership,"A toxic political war over money, jobs and globalization killed the complex trade deal that was supposed to be a signature legacy of President Obama."
trump,2016-11-29,Trump Picks Elaine Chao for Transportation Secretary,"Ms. Chao, as a former labor secretary and the wife of the Senate majority leader, has an establishment background at odds with the president-elect’s campaign."
trump,2016-11-29,"David Petraeus, Secretary of State Candidate, Meets With Trump","Mr. Petraeus, a retired general and former C.I.A. director, has emerged as a new contender after bitter internal feuding over the State Department post."
trump,2016-11-29,Trump Victory Tour Set as Cabinet Comes Together,"The president-elect, still trying to choose among a number of possibilities to be his secretary of state, won’t pull back on his habit of overnight and morning Twitter posts."
trump,2016-11-29,Trump Calls for Revoking Flag Burners’ Citizenship. Court Rulings Forbid It.,"The proposal, advanced by the president-elect via Twitter, appears to be in conflict with an array of Supreme Court precedents."
trump,2016-11-29,Dear President-Elect Trump: Here’s How to Fix Your Conflict-of-Interest Problem,"Consider hiring a corporate monitor, an independent overseer who will issue regular public reports about any possible instances of conflicts. We have just the person for you."
trump,2016-11-29,Trump Taps Hollywood’s Mnuchin for Treasury and Dines With Romney,"Steven Mnuchin, a longtime Trump acquaintance, is a former Goldman Sachs partner who has worked in hedge funds and Hollywood finance and has no government experience."
trump,2016-11-29,"Challenging the Boss in Public? For Kellyanne Conway, It’s Part of the Job",Ms. Conway’s criticism of Mitt Romney was expected to draw fury from President-elect Donald J. Trump. But she is not a typical aide.
trump,2016-11-29,"Vote Recount Push Advances, but Reversing Trump’s Win Is Unlikely","In Wisconsin, elections officials said on Monday that a recount of the state’s nearly three million votes would most likely begin on Thursday."
trump,2016-11-29,What (Lots of) Money Can Buy at Trump’s Inauguration,"An “exclusive” luncheon with cabinet appointees, an “intimate” dinner with the vice president-elect and more are available — for donors who give enough."
trump,2016-11-29,"Tom Price, Obamacare Critic, Is Trump’s Choice for Health Secretary",The six-term Republican congressman from Georgia has led opposition to the Affordable Care Act.
trump,2016-11-30,"If Trump Tweets It, Is It News? A Quandary for the News Media",News organizations grapple with covering a commander in chief who uses his Twitter account as a bully pulpit and propaganda weapon.
trump,2016-11-30,Why the Trump Team’s Economic Promises Will Be Hard to Execute,"The men chosen to lead the Treasury and Commerce Departments vow to cut taxes, increase growth and hold the line on deficits, testing the limits of economic math."
trump,2016-11-30,Trump to Announce Carrier Plant Will Keep Jobs in U.S.,"Reversing a plan the president-elect had assailed, the company will keep roughly half of the 2,000 manufacturing jobs in Indiana that it was to shift to Mexico."
trump,2016-11-30,Ethics Office Praises Donald Trump for a Move He Hasn’t Committed To,"In a series of oddly informal Twitter posts, the Office of Government Ethics appeared to conclude, wrongly, that Mr. Trump had promised to divest his assets."
trump,2016-11-30,C.I.A. Chief Warns Donald Trump Against Tearing Up Iran Nuclear Deal,John Brennan told the BBC that canceling the accord would be “the height of folly” and could lead to a nuclear arms race in the Middle East.
trump,2016-11-30,Sarah Palin for Veterans Affairs? A Wrestling Impresario for Small Business?,"The president-elect, who continues to fill his cabinet, will travel to Indiana this week to announce the saving of 1,000 factory jobs."
trump,2016-11-30,Steven Mnuchin Is More Pragmatist Than Ideologue,Such an approach could help Mr. Mnuchin balance competing views while pushing for some of President-elect Donald J. Trump’s major first-year goals.
trump,2016-11-30,"Tom Price, H.H.S. Nominee, Drafted Remake of Health Law","Mr. Price’s bill, the Empowering Patients First Act, would weaken many consumer protections in the Affordable Care Act, President Obama’s signature domestic achievement."
trump,2016-11-30,"Mr. Trump, Meet the Constitution",Why is the president-elect afraid of free speech?
trump,2016-11-30,"In Paris, Worries That Trump Will Embolden Le Pen","The National Front candidate for French president views Donald Trump’s election as “good news for our country,” but others see much to protest."
